ID,MAP,NAME
1,529,AB
2,530,AbandonedArmory
10009,0,AbyssalBreach
1517,0,AbyssalDepth
10012,0,AbyssalDepths
3,1,AbyssalSands
1645,646,AbyssionsLair
4,558,AC
5,530,AccessShaftZeon
1424,0,AcherusTheEbonHold
6,0,AddlesStead
1694,654,AdericsRepose
7,0,AeriePeak
8,530,AerisLanding
10,0,AgamandMills
10023,571,AgmarsHammer
11,0,AgmondsEnd
12,0,AgolWatha
1647,646,AlabasterShelf
13,1,AlcazIsland
14,530,AldorRise
15,1,Aldrassil
16,0,AlexstonFarmstead
17,0,AlgazStation
18,530,AllerianPost
19,530,AllerianStronghold
1714,648,AllianceBeachhead
20,530,AltarOfShatar
21,0,AltarOfStorms
22,0,AlteracMountains
23,30,AlteracValley
24,30,AlteracValleyAlliance
25,30,AlteracValleyHorde
26,0,AlthersMill
27,530,AmaniCatacombs
28,530,AmaniPass
29,0,Ambermill
1416,571,AmberpineLodge
30,0,AmberstillRanch
31,530,AmberwebPass
32,1,AmethAran
33,530,AmmenFields
34,530,AmmenFord
35,530,AmmenVale
1764,571,Amphitheater
36,530,AncestralGrounds
37,530,AnDaroth
38,530,AndilienEstate
39,0,AngerfangEncampment
40,0,AngorFortress
41,530,AngoRoshGrounds
42,530,AngoRoshStronghold
43,530,AnOwyn
44,530,AnTelas
45,0,ApocryphansRest
46,509,AQ20
47,531,AQ40
48,529,ArathiBasin
49,529,ArathiBasinAlliance
50,529,ArathiBasinHorde
51,0,ArathiHighlands
52,552,Arca
1605,1,ArcanePinnacle
53,530,Area52
1414,571,ArgentTournament
54,0,AridensCamp
55,530,ArklonisRidge
56,530,ArklonRuins
57,1,Ashenvale
58,1,Astranaar
1748,1,AszharaNagaCity 
59,530,AtaMalTerrace
60,1,Auberdine
1529,1,Auberdine
1534,1,AuberdineRefugeeCamp
61,530,AuchenaiCrypts
62,530,AuchenaiGrounds
63,530,Auchindoun
64,30,AV
65,530,Axxarien
455,571,AzjolNerub
66,1,Azshara
1730,1,Azshara
67,37,AzsharaCrater
68,530,AzurebreezeCoast
69,0,AzurelodeMine
70,530,AzuremystIsle
71,530,AzureWatch
72,0,Badlands
73,1,BaelDunDigsite
74,1,BaelDunKeep
75,1,BaelModan
76,0,BaliaMahRuins
77,0,BallalRuins
78,0,BalnirFarmstead
1467,0,Bambala
79,1,BanEthilBarrowDen
80,1,BanEthilHollow
1704,648,BankofKezan
1662,732,BaradinBaseCamp
81,0,BaradinBay
1448,732,BaradinHold
82,1,Barrens
83,1,BashalAran
84,530,BashirLanding
1761,0,Bastionoftwilight
85,1,BathransHaunt
86,0,BattleRing
1550,1,Battlescar
87,1,BayOfStorms
88,1,BearsHead
89,1,BeezilsWreck
90,0,BeggarsHaunt
91,0,BerensPeril
92,530,BerylCoast
93,542,Bf
1498,1,BilgewaterHarbor
1604,1,BilgewaterHarbor
1724,648,BilgewaterLumberYard
1698,648,BilgewaterPort
1653,489,billi
95,1,BitterReaches
96,0,BlackChannelMarsh
97,0,BlackcharCave
1508,1,BlackfathomCamp
1538,1,BlackfathomCamp
98,1,BlackfathomDeeps
99,1,BlackhoofVillage
1728,0,BlackrockCaverns
1747,645,BlackrockCaverns
100,0,BlackrockDepths
101,0,BlackrockMountain
102,0,BlackrockPass
103,0,BlackrockSpire
104,0,BlackrockStronghold
105,530,BlacksiltShore
1660,732,BlackstoneSpan
106,530,BlackTemple
107,1,BlackthornRidge
108,530,BlackwindLake
109,530,BlackwindValley
110,530,BlackwingCoven
1746,669,BlackwingDescent
111,229,BlackwingLair
112,1,BlackwolfRiver
113,1,BlackwoodDen
114,0,BlackwoodLake
115,530,BladedGulch
116,1,BladefistBay
1622,1,BladefistBay
117,530,BladesEdgeMountains
118,530,BladespireGrounds
119,530,BladespireHold
120,530,BladesRun
121,530,BladeToothCanyon
122,530,Bladewood
123,530,BladspireOutpost
124,0,BlastedLands
125,530,BleedingHollowRuins
126,530,BleedingZiggurat
127,530,BloodcurseIsle
128,1,BloodfenBurrow
1457,0,Bloodgulch
129,1,BloodhoofVillage
130,530,BloodmaulCamp
131,530,BloodmaulOutpost
132,530,BloodmaulRavine
1422,571,BloodmoonIsle
133,530,BloodmystIsle
134,0,BloodsailCompound
135,530,BloodscaleEnclave
136,530,BloodscaleGrounds
137,1,BloodtoothCamp
138,1,BloodvenomFalls
139,1,BloodvenomPost
140,1,BloodvenomRiver
141,530,BloodWatch
1463,0,BloodwatcherPoint
142,1,Bluefen
143,0,BluegillMarsh
144,0,BogensLedge
145,530,BohaMuRuins
146,1,BolgansHole
147,530,BonechewerRuins
148,0,BootyBay
1400,571,BoreanTundra
1394,571,BorgorokOutpost
149,553,Bota
150,1,BoughShadow
151,0,BoulderfistHall
152,0,BoulderfistOuspost
153,0,BoulderfistOutpost
154,0,BoulderGor
155,1,BoulderLodeMine
156,530,BoulderMok
157,1,BoulderslideCavern
158,1,BoulderslideRavine
159,1,BrackenwallVillage
160,0,BrackwellPumpkinPatch
161,1,BramblebladeRavine
162,1,Bramblescar
163,230,BRD
164,0,BrewnallVillage
165,0,BrightwaterLake
166,0,BrightwoodGrove
167,0,Brill
168,530,BristlelimbEnclave
169,530,BristlelimbVillage
170,1,BrokenCommons
171,530,BrokenHill
172,1,BrokenPillar
173,530,BrokenWilds
174,1,BronzebeardEncampment
175,0,BrowmanMill
176,564,BT
177,1,BurningBladeCoven
178,530,BurningBladeRuins
179,0,BurningSteppes
10027,0,bwen
180,469,BWL
181,0,CaerDarrow
182,1,CampAparaje
1477,1,CampAtaya
1593,1,CampAtaya
183,0,CampBoff
184,0,CampCagg
185,1,CampEThok
1440,0,CampEverstill
10000,0,CampEverstill
186,0,CampKosh
187,1,CampMojache
188,1,CampNarache
189,530,CampOfBoom
190,1,CampTaurajo
1544,1,CampUnafe
1387,571,CampWinterhoof
191,0,CampWurg
192,0,Canals
1665,732,CapeofLostHope
193,530,CarrionHill
194,0,CathedralOfLight
1675,654,CathedralQuarter
195,0,CathedralSquare
196,1,CavernsOfTime
197,530,CelestialRidge
198,1,CenarioHold
199,1,CenarionEnclave
200,1,CenarionHold
201,530,CenarionPost
202,530,CenarionRefuge
203,530,CenarionThicket
1479,1,CenarionWildlands
1421,571,ChamberOfAspects
1581,1,ChamberoftheMoon
1577,1,ChamberoftheStars
1573,1,ChamberoftheSun
204,530,ChapelYard
205,0,ChillBreezeValley
206,0,ChillwindCamp
207,0,ChillwindPoint
1466,0,Chiselgrip
208,530,CircleOfBloodArena
209,0,CircleOfEastBinding
210,0,CircleOfInnerBindindg
211,0,CircleOfOuterBiding
212,0,CircleOfWestBinding
213,1,CleftOfShadow
214,1,CliffspringFalls
215,1,CliffspringRiver
1487,1,CliffwalkerPost
1610,1,CliffwalkerPost
216,530,CoilfangReservoir
217,530,CoilskarCistern
218,530,CoilskarPoint
219,0,ColdHearthManor
220,0,ColdridgeValley
221,0,CorinsCrossing
222,0,CorrahnsDagger
223,530,Cosmowrench
224,530,CourtOfTheSun
1571,1,Cradleofthencients
225,1,CraftmensTerrace
226,1,CragpoolLake
227,530,CrashSite
1642,646,CrimsonExpanse
228,530,CrimsonWatch
229,0,CrownGuardTower
231,0,CrusadersOutpost
230,0,CrusadersOutpost
1460,0,Crushblow
232,0,CrushridgeHold
233,0,Crypt
234,0,CrystalLake
235,530,CrystalSpine
236,0,CrystalveinMine
237,530,CursedHollow
238,0,DabyriesFarmstead
239,530,DaggerfenVillage
240,530,DaggermawCanyon
1398,571,Dalaran
241,0,DalaranCrater
10013,571,DalaranHORDE
242,0,DalsonsTears 
243,0,DandredsFold
244,1,DarkcloudPinnacle
245,530,DarkcrestEnclave
246,530,DarkcrestShore
247,1,DarkmistCavern
1453,974,DarkmoonFaire
248,0,Darkshire
249,1,Darkshore
1618,1,DarkspearHold
1619,1,DarkspearIsle
250,1,DarkspearStrand
251,1,DarkwhisperGorge
1671,732,Darkwood
252,1,Darnassus
253,0,DarrowHill
254,0,DarrowmereLake
255,0,DarrowShire
256,530,DawningLane
1472,1,DawnriseExpedition
257,530,DawnstarSpire
258,1,DeadeyeShore
259,0,DeadmansCrossing
10028,0,deadmineen
260,36,Deadmines
261,0,DeadwindPass
262,0,DeadwindRavine
263,1,DeadwoodVillage
264,530,DeathforgeTower
265,0,Deathknell
266,0,Deathnell
267,530,Deatholme
268,530,DeathsDoor
1624,646,DeathwingsFall
269,0,DeepElemMine
1518,646,Deepholm
1631,646,Deepholm
270,369,DeeprunTram
271,1,DemonFallCanyon
272,1,DemonFallRidge
273,0,DemontsPlace
274,530,DenOfHaalEsh
275,530,DerelictCaravan
276,1,Desolace
1480,1,DesolationHold
1548,1,DesolationHold
277,0,DigOne
278,0,DireforgeHill
279,1,DireMaulEast
280,1,DireMaulNorth
281,1,DireMaulWest
1759,609,DKStart
282,429,Dmeast
283,429,Dmnorth
284,429,Dmwest
285,1,Dolanaar
286,0,Dracodar
287,530,Draenethystmine
1399,571,Dragonblight
288,530,DragonmawBaseCamp
289,530,DragonmawFortress
290,0,DragonmawGates
1459,0,DragonmawPort
291,530,DragonsEnd
1437,0,DragonsMouth
10029,1,dragonsoul
1411,571,DrakTharonKeep
292,0,DreadmaulHold
293,0,DreadmaulPost
294,0,DreadmaulRock
295,1,DreadmistDen
296,1,DreadmistPeak
297,1,DreadmurkShore
298,1,DreamBough
1592,1,DreamersRest
1703,648,Drudgetown
299,1,DrygulchRavine
300,0,DrywhiskerGorge
94,48,DSship
1638,967,DSskyfire
301,0,DunAlgaz
302,1,DunemaulCompound
303,0,DunGarok
304,1,DunMandarr
305,0,DunModr
306,0,DunMorogh
307,0,DurnholdeKeep
308,1,Durotar
309,1,DurotarZeppelin
1687,654,Duskhaven
1689,654,DuskmistShore
310,530,DuskwitherGrounds
311,530,DuskwitherSpire
312,0,Duskwood
313,0,DustfireValley
314,530,DustquillRavine
315,1,DustwallowBay
316,1,DustwallowMarsh
317,1,DustwindCave
1438,0,DustwindDig
318,0,DwarvenDistrict
10018,0,EarthShire
319,0,EasternPlaguelands
320,0,EasternStrand
321,1,EastmoonRuins
1461,0,EastpointTower
322,530,EastSanctum
1654,732,EastSpire
323,0,EastvaleLoggingCamp
324,0,EastwallGate
325,0,EastwallTower
326,1,EchoIsles
1620,1,EchoIsles
327,70,EchonokCaver
328,0,EchoRidgeMine
329,530,EclipsePoint
330,530,EcoDomeFarfield
331,530,EcoDomeMidrealm
332,530,EcoDomeSutheron
333,1,ElderRise
334,1,EldrethRow
335,530,ElementalPlateau
336,530,ElrendarFalls
337,530,ElrendarRiver
338,0,ElwynnForest
1678,654,EmberstoneVillage
339,1,EmberstrifesDen
340,1,EmeraldSanctuary
341,566,EOTS
342,1,EthelRethor
343,530,EthereumStagingGrounds
344,530,Evergrove
345,1,Everlook
346,530,EversongWoods
347,0,ExcavationCenter
348,530,ExpeditionArmory
349,530,ExpeditionPoint
1446,0,ExplorersLeagueDigsite
350,550,Eye
351,566,EyeOfTheStorm
352,566,EyeOfTheStormAlliance
353,566,EyeOfTheStormHorde
1535,1,EyeoftheVortex
1632,1,Factionmall
354,530,FairbreezeVillage
355,530,FairbridgeStrand
356,530,FalconWatch
357,530,FalconwingSquare
358,0,FaldirsCove
359,1,FalfarrenRiver
360,1,FallenSkyLake
361,530,FallenSkyRidge
362,0,FallowSanctuary
363,530,FalthrienAcademy
364,0,FargodeepMine
1666,732,FarsonHold
365,530,farstriderEnclave
366,0,FarstriderLodge
367,530,FarstriderRetrear
368,530,FarstridersSquare
1506,1,FarwatchersGlen
1607,1,FarwatchersGlen
369,1,FarWatchPost
370,1,FearScarVale
371,0,FeatherbeardsHovel
372,1,FeathermoonStronghold
1588,1,FeathermoonStronghold
373,1,FelfireHill
374,1,FelpawVillage
375,1,FelRock
376,0,FelstoneField
377,1,Felwood
378,0,FenrisIsle
379,1,Feralas
380,530,FeralfenVillage
381,530,FethsWay
382,1,FieldOfGiants
9,1,FieldsOfBlood
1434,0,FirebeardsPatrol
1520,720,Firelands
383,1,FirePlumeRidge
384,1,FireScarShrine
385,0,FirewachtRidge
386,530,FirewingPoint
1392,571,FizzcrankAirstrip
1475,1,Fizzle&PozziksSpeedbarge
1556,1,FizzlePozziksSpeedbarge
387,0,FlameCrest
1465,0,FlamestarPost
388,0,ForestsEdge
389,1,ForestSong
390,530,ForgeBaseGehenna
391,530,ForgeBaseOblivion
392,530,ForgeCampAnger
393,530,ForgeCampFear
394,530,ForgeCampHate
395,530,ForgeCampMageddon
396,530,ForgeCampRage
397,530,ForgeCampTerror
398,530,ForgeCampWrath
1668,732,ForgottenHill
399,1,ForlornRidge
1452,0,ForsakenForwardCommand
1425,0,ForsakenHighCommand
1426,0,ForsakenRearGuard
1445,0,FortLivingston
1502,1,FortTriumph
1549,1,FortTriumph
1386,571,FortWildervar
1547,1,ForwardCommand
400,1,FrayfeatherHighlands
401,1,FreewindPost
402,1,FrostfireHotSprings
403,0,FrostmaneHold
404,1,FrostsaberRock
405,1,FrostwhisperGorge
406,1,FungalRock
407,530,FunggorCavern
1478,1,FuriensPost
1598,1,FuriensPost
408,0,FurlbrowsPumpkinFarm
409,530,FurywingsPerch
1439,0,Fuselight
410,1,Gadgetzan
411,0,GahrronsWithering
1695,654,GalewatchLighthouse
412,0,GallowsCorner
1706,648,GallywixDocks
1600,1,GallywixPleasurePalace
1697,648,GallywixsVilla
1696,648,GallywixYacht
413,530,Garadar
414,0,GarrensHaunt
415,0,GarrisonArmory
416,1,GateOfAhnQiraj
417,0,GateOfIronforge
418,1,GatesOfAhnQiraj
1497,1,GatesOfSothann
419,0,GavinsNaze
420,530,GeezlesCamp
421,1,GelkisVillage
422,530,Ghostlands
423,1,GhostWalkerPost
1749,731,GiantCrater
1762,654,Gilneas654
1450,0,GilneasCity
1729,0,GilneasCity
1456,0,GlopgutsHollow
424,1,GMIsland
9999,1,GMroom
425,1,GnarlpineHold
426,90,Gnome
427,0,Gnomeregan
10019,1,GoblinSlums
428,1,GolakkaHotSprings
429,0,GolBolarQuarry
430,0,GoldCoastQuarry
431,530,GoldenboughPass
432,530,GoldenmistVillage
433,530,GoldenStrand
434,1,GoldRoad
435,0,Goldshire
436,1,GordunniOutpost
437,530,GorGazOutpost
438,0,GoShekFarm
439,530,GrangolvarVillage
440,1,GreatwoodVale
441,1,GreenpawVillage
1429,0,GreenwardensGrove
1676,654,GreymaneCourt
1691,654,GreymaneManor
442,0,GrimBatol
1745,671,GrimBatol(interior/raid)
443,0,GrimesiltDigSite
444,1,GrimtotemCompound
445,1,GrimtotemPost
446,530,Grishnath
447,0,GrizzlepawRidge
1402,571,GrizzlyHills
448,1,GroldomFarm
449,0,GromgolBaseCamp
450,1,GrommashHold
451,0,GrongolbaseCamp
452,0,GroshgokCompound
1495,1,GroveOfAessina
453,1,GroveOfTheAncients
454,0,GrowlessCave
456,565,Gruul
457,530,GruulsLair
1404,571,Gundrak
458,0,GurubashiArena
459,530,GyroPlankBridge
460,530,HaalEshiGorge
461,530,Halaa
462,530,HalaaniBasin
463,1,HaldarrEncampment
464,229,HallOfBlackhand
465,0,HallOfExplorers
466,450,HallOfLegends
467,1,HallOfTheBrave
468,70,HallOfTheCrafters
469,70,HallOfTheKeepers
1561,1,HallsofOrigination
470,0,Hammerfall
471,0,HammertoesDigsite
1688,654,HammondFarmstead
1468,0,HardwrenchHideaway
472,530,HatchetHills
1686,654,HaywardFishery
473,0,Hearthglen
474,530,HellfireCitadel
475,530,HellfirePeninsula
476,530,HellfireRamparts
1670,732,HellscreamsGrasp
1488,1,HellscreamsWatch
477,0,HelmsBedLake
478,0,HeroesVigil
479,1,HetaerasClutch
480,530,HewnBog
481,1,HiddenPath
1435,0,Highbank
1551,1,Highperch
482,1,Highperch
483,1,HighWilderness
484,0,HillsbradFields
485,0,HillsbradFoothills
486,0,HiriWatha
487,1,HiveAshi
488,1,HiveRegal
489,1,HiveZora
490,530,HonorHold
491,1,HonorsStand
1712,648,HordeBaseCamp
1401,571,HowlingFjord
492,530,HowlingZiggurat
1753,0,HumanStart
493,1,HunterRise
1482,1,HuntersHill
1545,1,HuntersHill
494,530,HuntressOfTheSun
495,1,HyjalSummit
1754,571,ICC
1407,571,Icecrown
1418,571,IcecrownCitadelRaid
496,0,IceflowLake
497,1,IceThistleHills
498,530,IllidariPoint
499,530,InsidionsPerch
500,530,InvasionPointAnnihilator
501,530,InvasionPointCataclysm
502,530,InvasionPointOverlord
503,1,IrisLake
504,0,IronbandsCompound
505,0,IronbandsExcavationSite
506,0,IronbeardsTomb
507,0,Ironforge
508,1,IronstoneCamp
509,1,IronstonePlateau
510,1,IrontreeCavern
1491,1,IrontreeClearing
1526,1,IrontreeClearing
511,1,IrontreeWoods
512,1,IsleOfDread
513,530,IsleOfQuelDanas
514,530,IsleOfTribulations
515,0,IthariussCave
516,1,JadefireGlen
517,1,JadefireRun
518,1,JademirLake
519,1,Jaedenar
520,1,JaggedReef
521,530,JaggedRidge
522,1,JaggedswineFarm
523,0,JagueroIsle
524,0,JaneirosPoint
525,0,JangolodeMine
526,0,JasperlodeMine
527,0,JinthaAlor
528,0,JoredsLanding
1702,648,KAjamine
1713,648,KajamiteCavern
1699,648,KajaroField
529,0,KalaiRuins
1383,571,Kamagua
530,532,Kara
531,0,Karazhan
532,0,Kargath
533,1,KargathiaKeep
1597,1,KarnumsGlade
1395,571,Kaskala
1693,654,KeelHarbor
1515,0,KelptharForest
534,530,KesselsCrossing
1510,648,Kezan
1701,648,KEzan
535,0,Kharanos
1578,1,KhartutsTomb
536,530,KilsorrowFortress
537,530,KirinVarVillage
1432,0,Kirthaven
538,1,KodoGraveyard
539,1,KodoRock
540,1,KolgarCrag
541,1,KolgarVillage
542,1,KormeksHut
1685,654,KorothsDen
1485,1,KromgarFortress
1613,1,KromgarFortress
1700,648,KTCHeadquarters
1723,648,KTCOilPlatform
543,0,KurzensCompound
544,1,LakeAlAmeth
545,530,LakeElrendar
546,1,LakeEluneAra
547,530,LakeEreNoru
548,0,LakeEverstill
549,1,LakeFalathim
550,530,LakeJorune
551,1,LakeKelTheril
552,1,LakeMennar
553,0,LakeMereldar
554,0,LakeNazferiti
555,0,LakeridgeHighway
556,0,Lakeshire
557,530,LakeSunspring
558,1,Lakkari TarPits
559,1,LakkariTarPits
1722,648,LAndingSite
560,1,LandsEndBeach
1663,732,LargosOverlook
561,1,LarissPavilion
1755,638,LastStand
562,530,LaughingSkullRuins
563,229,LBRS
564,1,LegashEncampment
565,530,LegionHold
1511,0,LegionsRest
566,0,LethlorRavine
10007,0,Lghorek
1674,654,LightsDawnCathedral
567,0,LightsHopeChapel
1679,654,LiveryOutpost
568,0,LochModan
569,0,Longshore
570,0,LordamareLake
571,0,LordamereInternmentCamp
1530,1,Lordanel
1742,659,Lost Isle(post-eruption)
1719,648,LostCaldera
1567,1,LostCityoftheTolVir
1743,648,LostIsle(town in a box closed)
1744,661,LostIsle(town in a box opened)
1737,648,LostIsles
1720,648,LostPeak
572,1,LostPoint
573,1,LostRiggerCove
574,0,LothosRiftwaker
575,530,LowerCity
1644,646,LowerSilvermarsh
576,530,LowerVeilShilAk
577,1,LowerWilds
578,1,LushwaterOasis
579,1,MaestrasPost
580,0,MageQuarter
581,530,MagHarGrounds
582,530,MagHariProcession
583,530,MagharPost
584,0,MagicQuarter
585,530,MagistersTerrace
586,530,MagmaFields
587,1,MagramVillage
588,544,magtheridon
589,530,MagtheridonsLair
1617,1,Makajin
590,1,MalakaJin
591,0,MaldensOrchard
592,530,ManaforgeAra
593,530,ManaforgeBnaar
594,530,ManaforgeCoruu
595,530,ManaforgeDuro
596,530,ManaforgeUltris
597,530,ManaTombs
598,1,MannorocCoven
599,0,ManorMistmantle
600,70,MapChamber
601,349,Maraorange
602,349,Marapurple
603,1,Maraudon
1735,1,MaraudonInstance
604,1,MaraudonOrange
605,1,MaraudonPurple
606,0,MardenholdeKeep
607,1,MarshalsRefuge
1473,1,MarshalsStand
608,530,MarshlightLake
1442,0,MarshtideWatch
1630,646,MastersGate
609,0,MazraAlor
610,1,Mazthoril
1634,0,ma_AllianceJail
1633,0,ma_HordeJail
611,409,MC
612,554,Mech
613,530,MenagerieWreckage
614,0,MenethilBay
615,0,MenethilHarbor
1672,654,MerchantSquare
616,585,Mgt
617,530,Middenvale
618,530,MidrealmPost
1673,654,MilitaryDistrict
1734,0,MinesOfDeath
619,0,MirageFlats
620,1,MirageRaceway
621,1,MirkfallonLake
1505,1,MirkfallonPost
1606,1,MirkfallonPost
622,0,MirrorLake
623,0,MirrorLakeOrchard
624,1,MistsEdge
625,0,MistvaleValley
626,0,MistyPineRefuge
627,0,MistyReedPost
628,0,MistyReedStrand
629,0,MistyShore
630,0,MistyValley
631,0,MizjahRuins
632,0,MogroshStronghold
633,530,MokNathalVillage
634,230,MoltenCore
635,0,Moonbrook
636,1,Moonglade
637,1,MoongladeHordeFlypoint
638,530,MoongrazeWoods
639,530,MoonwingDen
640,0,MorgansVigil
641,1,MorlosAran
642,1,MorshanBaseCamp
643,0,MoshoggOgreMound
644,0,MosshideFen
1500,1,MossyPile
1599,1,MountainfootStripMine
1493,1,MountHyjal
1732,1,MountOfHyjal
645,557,MT
646,1,Mudsprocket
647,530,MuerderRow
648,1,Mulgore
649,530,MurderEow
650,1,MystralLake
651,530,Mystwood
652,530,Nagrand
653,1,NatsLanding
654,533,Nax
655,571,Naxxramas
1537,1,Nazjvel
656,530,Nazzivian
1569,1,NefersetCity
657,0,NekManiWellspring
658,530,NesingwarySafari
659,0,NesingwarysExpedition
10006,571,NesinwaryBaseCamp
660,530,NestlewoodHills
661,530,NestlewoodThicket
662,0,NethanderStead
663,0,NethergardeKeep
664,530,Netherstone
665,530,Netherstorm
666,530,NetherwebRidge
667,530,NetherwingFields
668,530,NetherwingLedge
669,530,NetherwingMines
670,530,NetherwingPass
1382,571,NewAgamand
1726,1,newhyjal
1464,0,NewKargath
1436,0,NewTinkertown
1650,648,next
671,1,Nighthaven
1543,1,NightmareScar
672,0,NightmareVale
673,1,NightRun
674,1,NightsongWoods
675,0,NightWebsHollow
676,1,NijelsPoint
677,1,NoonshadeRuins
1492,1,Nordrassil
1523,1,Nordrassil
678,0,Northdale
1483,1,NorthernBarrens
1677,654,NorthernHeadlands
679,0,NorthfoldManor
680,0,NorthGateOutpost
681,0,NorthGatePass
682,0,NorthpassTower
683,1,NorthPointTower
684,0,NorthridgeLumberCamp
685,530,NorthSanctum
686,0,NorthshireValley
687,0,NorthshireVineyards
1444,0,NorthStranglethorn
688,0,NorthTidesHollow
689,0,NorthTidesRun
1503,1,NorthwatchExpeditionBaseCamp
1616,1,NorthwatchExpeditionBaseCamp
1621,1,NorthwatchFoothold
690,1,NorthwatchHold
691,530,NorthwindCleft
1484,1,NozzlepotsOutpost
1540,1,NozzlepotsOutpost
1501,1,OasisOfVirsar
1586,1,OasisofVirsar
1580,1,ObeliskoftheMoon
1576,1,ObeliskoftheStars
1572,1,ObeliskoftheSun
692,530,ObsidiasPerch
693,530,OdesyuLanding
694,530,Ogrila
695,1,OldHillsbradFoothills
696,0,OldTown
697,0,OlsensFarthing
698,1,Oneiros
699,249,onyxia
700,1,OnyxiasLair
1716,648,OomlotVillage
1721,648,Oostan
1763,609,OrbazBlood
701,0,OrbOfCommand
702,530,OreborHarborage
703,1,Orgrimmar
1752,1,Orgrimmar
704,530,OronoksFarm
1583,1,Orsis
705,1,OrtellsHideout
706,530,Oshugun
10002,723,OtherStormwind
10004,723,OtherStormwindBastion
10003,723,OtherStormwindforest
707,1,OwlWingThicket
708,1,PalemaneRock
709,0,PestilentScar 
710,0,PlaguemistRavine
711,0,Plaguewood
712,0,PlaguewoodTower 
10001,0,PlantsVsZombies
713,530,PodCluster
714,530,PodWreckage
715,0,PoolOfTears
716,530,PoolsOfAggonar
717,1,PoolsOfArlithrien
718,530,PortalClearing
10026,1,PortalFirelands
10008,0,PromontoryPoint
719,530,ProtectorateWatchPost
720,0,PurgationIsle
721,0,PyrewoodVillage
722,530,QuaggRidge
1628,646,QuartzineBasin
723,0,QuelDanilLodge
724,0,QuelLithienLodge
10016,0,QuelThalas
725,530,RagefeatherRidge
726,1,RagefireChasm
727,1,RageScarHold
1636,720,Ragnaport
1521,720,Ragnaros
1471,1,Ramkahen
1575,1,Ramkahen
728,543,Ramp
729,1,RanazjarIsle
730,1,RaptorGrounds
731,0,RaptorRidge
732,1,Ratchet
733,1,RavagedCaravan
734,1,RavagedTwilightCamp
735,1,RavagedTwilightCapm
736,1,RavencrestMonument
737,0,RavenHill
738,0,RavenHillCemetery
739,0,RavenholdtManor
740,530,RavensWood
741,1,RaynewoodRetreat
742,530,RazaansLanding
743,1,RazorfenDowns
744,1,RazorfenKraul
745,1,RazorHill
746,1,RazormaneGrounds
747,530,RazorRidge
748,530,RazorthornRise
749,530,RazorthornShelf
750,530,RazorthornTrail
751,1,RazorwindCanyon
752,530,ReaversFall
753,0,RebelCamp
754,1,RedCloudMesa
755,0,RedridgeCanyons
756,0,RedridgeMountains
757,1,RedRocks
758,530,RefugeeCaravan
759,0,RefugePointe
1637,720,regnabossen
760,1,RemtravelsExcavation
761,0,RendersValley
762,0,RethbanCaverns
763,0,RevantuskVillage
764,389,RFC
765,129,RFD
766,47,RFK
767,0,RidgepointTower
768,530,RingOfObservance
769,0,RiseOfTheDefiler
1731,1,RiunsofUldum
770,530,RivendarksPerch
1601,1,RocketwayExchange
771,1,RoguefeatherDen
772,0,RoguesQuarter
773,0,RoyalQuarter
774,0,RuinsOfAboraz
775,0,RuinsOfAlterac
1584,1,RuinsofAmmon
776,0,RuinsOfAndorhal
777,530,RuinsOfBaaRi
778,1,RuinsOfConstellas
779,1,RuinsOfEldarath
780,530,RuinsOfEnkaat
781,530,RuinsOfFarahlon
1587,1,RuinsofFeathermoon
1451,0,RuinsOfGilneas
782,1,RuinsOfIsildien
783,0,RuinsOfJubuwal
784,530,RuinsOfKarabor
1585,1,RuinsofKhintaset
785,0,RuinsOfLordaeron
786,530,RuinsOfLorethAran
787,1,RuinsOfMathystra
788,1,RuinsOfRavenwind
789,530,RuinsOfShaNaar
790,530,RuinsOfSilvermoon
791,1,RuinsOfSolarsal
913,0,RuinsOfSouthshore
792,0,RuinsOfThaurissan
1715,648,RuinsofVashjelan
793,0,RuinsOfZulKunda
794,0,RuinsOfZulMamwe
795,0,RuinsOfZulManwe
796,530,RunestoneFalithas
797,530,RunestoneShandor
1664,732,RustbergVillage
798,1,RutTheranVillage
799,530,RuuanWeald
1579,1,SahketWastes
800,0,SaldeansFarm
801,530,SaltherilsHaven
802,0,SaltsprayGlen
1496,1,SanctuaryOfMalorne
803,530,SanctumOfTheMoon
804,530,SanctumOfTheStars
805,530,SanctumOfTheSun
806,1,SandsorrowWatch
807,1,SardorIsle
808,1,Sargeron
809,1,SarTherisStrand
810,1,Satyrnaar
1709,648,SavageGlen
811,1,ScalebeardsCave
812,530,ScalewingShelf
813,0,ScarletBaseCamp
814,0,ScarletMonastery
1733,0,ScarletMonasteryInstances
815,0,ScarletWatchPost
1470,1,SchnottzsLanding
816,0,Scholomance
817,13,ScottTest
818,1,ScrabblescrewsCamp
819,530,ScryersTier
820,1,ScuttleCoast
10011,0,Seabrush
821,0,SearingGorge
822,530,SeatOfTheNaaru
823,1,SenjinVillage
824,0,SentinelHill
825,0,SentinelTower
826,1,SentryPoint
827,0,Seradane
828,0,SerpentsCoil
829,530,SerpentshrineCavern
830,556,Sethekk
831,530,SethekkHalls
832,0,Sewers
833,33,SFK
834,540,SH
1591,1,Shadebough
835,1,ShadowbreakRavine
836,0,ShadowFangKeep
837,1,Shadowglen
838,0,ShadowGrave
839,1,ShadowHold
840,530,ShadowLabyrinth
841,530,ShadowmoonVillage
842,1,ShadowpreyVillage
843,1,ShadowsongShrine
844,1,ShadowthreadCave
845,530,ShadowTomb
846,0,ShadraAlor
847,1,ShadyRestInn
848,530,ShalandisIsle
1441,0,ShalewindCanyon
849,1,ShalzarusLair
850,530,ShaNaariWastes
851,0,ShaolWatha
852,530,ShartuulsTransporter
853,530,ShaTariBaseCamp
854,530,ShatteredPlains
855,530,ShatteredSunStaging
856,530,ShatterPoint
857,1,ShatterScarVale
1531,1,ShatterspearPass
1533,1,ShatterspearVale
858,1,ShatterspearVillage
1532,1,shatterspearwarcamp
859,530,Shattrath
1513,0,ShimmeringExpanse
860,0,ShimmerRidge
861,0,ShindiggersCamp
1711,648,ShipwreckShore
1413,571,SholazarBasin
1635,939,Shores of the well
862,0,ShouthernSavageCoast
1494,1,ShrineOfAviana
863,530,ShrineOfDathremar
864,1,ShrineOfRemulos
865,1,ShrineOfTheDeceiver
866,1,ShrineOfTheDormantFlame
867,1,Silithus
868,530,SiltingShore
869,530,SilvermoonCity
870,530,SilvermystIsle
871,0,SilverpineForest
872,0,SilverStreamMine
1512,0,SilverTideHollow
873,1,SilverwindRefuge
874,1,SilverwingGrove
875,1,SilverwingOutpost
876,530,SingingRidge
877,1,SishirCanyon
878,530,Skald
879,530,SkethLonBaseCamp
880,530,SkethLonWreckage
881,530,SkethylMountains
882,530,Skettis
883,530,SkulkingRow
884,0,SkulkRock
885,1,SkullRock
886,530,SkyguardOutpost
1738,657,Skywall
887,555,SL
1430,0,SlabchiselsSurvey
888,530,SlagWatch
1655,732,Slagworks
889,0,SlaughterHollow
1707,648,SlavePits
890,0,SleepingGorge
891,0,SlitherRock
892,189,SMArmory
893,189,SMCath
894,189,SMGY
895,189,SMLib
1514,0,SmugglersScar
896,530,SocretharsSeat
897,0,SollidenFarmstead
898,0,SorrowHill
899,0,Sorrowmurk
900,530,SorrowWingPoint
901,530,SoulgrindersBarrow
902,1,SouthbreakShore
903,1,SouthernBarrens
904,1,SouthernGoldRoad
905,530,SouthernRampart
1499,1,SouthernRocketway
1603,1,SouthernRocketwayTerminus
906,0,SouthernSavageCoast
907,1,SouthfuryRiver
908,0,SouthGateOutpost
909,0,SouthGatePass
910,1,SouthmoonRuins
1462,0,SouthpointGate
911,0,SouthpointTower
912,1,SouthridgeBeach
1558,1,SouthseaHoldfast
1656,732,SouthSpire
914,530,SouthwindCleft
915,1,SouthwindVillage
916,547,SP
917,530,SpinebreakerPost
918,0,SpiritDen
919,530,SpiritFields
920,1,SpiritRise
921,1,SpiritRock
922,0,SplinterspearJunction
923,1,SplintertreePost
924,1,SplithoofCrag
1557,1,SplithoofHeights
925,1,SplithoofHold
926,530,Sporeggar
927,548,SSC
928,109,ST
929,0,StagalbogCave
1684,654,StagecoachCrashSite
930,1,StaghelmPoint
931,1,StarbreezeVillage
1509,1,StardustSpire
1539,1,StardustSpire
932,1,StarfallVillage
10024,571,StarsRest
933,1,SteamwheedlePort
934,0,SteelgrillsDepot
935,0,StendelsPond
936,530,StillpineHold
937,0,StillwaterPond
938,530,StillwhisperPond
939,0,Stonard
940,530,StonebreakerHold
941,1,StonebullLake
942,0,StoneCairnLake
1476,1,StonemaulHold
1589,1,StonemaulHold
943,1,StonemaulRuins
944,0,StonesplinterValley
945,1,StonetalonMountains
1594,1,StonetalonPass
946,1,StonetalonPeak
947,530,StonewallCanyon
948,0,Stonewatch
949,0,StonewatchFalls
950,0,StonewatchKeep
951,0,StonewatchTower
952,0,StonewroughtDam
1683,654,StormglenVillage
1405,571,StormPeaks
953,1,StormrageBarrowDens
1646,646,StormsFuryWreckage
954,0,Stormwind
1380,0,StormwindHarbor
1408,0,StormwindKeep
955,0,Strahnbrad
956,0,StranglethornVale
10022,0,StranglethornVale
957,329,Strat
958,0,Stratholme
959,0,StromgardeKeep
960,530,SuncrownVillage
961,530,SunctumOfTheSun
962,0,SundownMarsh
963,530,SunfuryHold
964,530,SunfurySpire
965,530,SungrazePeak
10015,571,SunreaverSanctuary
966,1,SunRockRetreat
967,530,SunsailAnchorage
968,530,SunspringPost
1560,1,SunstoneTerrace
969,530,SunstriderIsle
1469,0,SunveilExcursion
970,530,SunwellPlateau
1443,0,Surwich
971,545,SV
972,1,SwamplightManor
973,0,SwampOfSorrows
974,530,SwampratPost
1705,648,SwindleStreet
975,580,SWP
976,530,Sylvanaar
977,1,TahondaRuins
1681,654,Taldoren
978,1,TalonbranchGlade
979,530,TalonStand
980,1,TalrendisPoint
981,1,Tanaris
982,0,TannerCamp
983,0,TarrenMill
1397,571,TaunkaleVillage
1541,1,TeegansExpedition
984,530,Telaar
985,530,TelaariBasin
986,530,TelathionsCamp
987,1,Teldrassil
988,530,Telredor
1758,1,tempadd
989,530,TempestKeep
1680,654,TempestsReach
990,1,TempleOfArkkoran
991,0,TempleOfAtalHakkar
1626,646,TempleofEarth
992,530,TempleOfTelhamat
993,1,TempleOfTheMoon
1582,1,TempleofUldum
994,1,TempleOfZinMalor
1760,648,Tempor
1516,0,TenebrousCavern
995,530,TerokkarForest
996,530,TerokksRest
997,530,TerraceOfLight
998,0,TerraceOfRepose
999,0,Terrordale
1000,1,TerrorRun
1001,0,TerrorwebTunnel
1002,0,TerrorWingPath
1003,1,TethrisAran
1004,1,Thalanaar
1005,1,ThalassianBaseCamp
1006,530,ThalassianPass
1608,1,ThalDarahGrove
1507,1,ThaldarahOverlook
1609,1,ThaldarahOverlook
1007,0,ThandolSpan
1596,1,ThargadsCamp
1008,530,TheAltarOfDamnation
1009,530,TheAltarOfShadows
1010,0,TheAltarOfZul
1011,0,TheApothecarium
1012,530,TheArcatraz
1013,1,TheBarrens
1014,530,TheBarrierHills
1015,530,TheBazaar
1016,1,TheBlackMorass
1682,654,TheBlackWald
1536,1,TheBlazingStrand
1017,530,TheBloodcursedReff
1018,530,TheBloodFurnace
1625,646,TheBloodTrail
1019,530,TheBoneWastes
1020,530,TheBotanica
1021,0,TheBulwark
1022,0,TheCapeOfStranglethorn
1023,0,TheCauldron
1024,1,TheCharredValed
1025,1,TheCleft
1026,0,TheCorners
10017,571,TheCourtofSkulls
1027,0,TheCreepingRuin
1028,530,TheCrimsonReach
1029,1,TheCrossroads
1525,1,TheCrucibleofFlame
1030,530,TheCryocore
1031,530,TheCrystalHall
1032,0,TheCrystalShore
1033,1,TheCrystalVale
1563,1,TheCursedLanding
1034,0,TheDaggerHills
1035,0,TheDarkenedBank
1036,0,TheDarkPortal
1037,530,TheDarkPortalOutland
1038,0,TheDawningIsles
1039,0,TheDeadAcre
1040,0,TheDeadField
1041,0,TheDeadmines
1042,530,TheDeadMire
1043,530,TheDeadScar
1044,530,TheDeathforge
1045,0,TheDecrepitFerry
1046,1,TheDen
1047,1,TheDenOfFlame
1048,1,TheDorDanilBarrowDen
1049,1,TheDrag
1050,1,TheDragonmurk
1051,0,TheDrownedReef
1052,1,TheDryHills
1053,0,TheDustbowl
1054,0,TheDustPlains
1055,530,TheExodar
1056,530,TheEye
1057,530,TheFelPits
1058,530,TheFetidPool
1614,1,TheFold
1059,1,TheForgottenCoast
1060,1,TheForgottenPools
1061,0,TheForlornCavern
1449,0,TheForsakenFront
1419,571,TheFrozenHalls
1062,0,TheFungalVale
1063,1,TheGapingChasm
1064,1,TheGoldenPlains
1065,0,TheGrandVestibule
1066,0,TheGreatArena
1067,530,TheGreatFissure
1068,0,TheGreatForge
1595,1,TheGreatGate
1069,1,TheGreatLift
1070,0,TheGreenBelt
1071,0,TheGreynameWall
1072,0,TheGrindingQuarry
1073,0,TheGrizzledDen
1074,530,TheHandOfGulDan
1075,0,TheHarborage
1076,0,TheHeadland
1692,654,TheHeadlands
1077,530,TheHeap
1078,1,TheHiddenCove
1079,0,TheHinterlands
1657,732,TheHole
1725,1,TheHowlingOak
1080,1,TheHowlingVale
1081,0,TheHushedBank
1082,0,TheInfectisScar
1083,0,TheIvarPatch
1084,0,TheJansenStead
1458,0,TheKrazzworks
1085,530,TheLagoon
1086,530,TheLegionFront
1087,0,ThelgenRock
1088,530,TheLivingGrove
1089,530,TheLivingWood
1090,0,TheLoch
1091,1,TheLongWash
1092,0,TheLostFleet
1093,530,TheLowPath
1094,0,Thelsamar
1095,0,TheMaclureVineyards
1519,730,TheMaelstrom
1623,730,TheMaelstrom
1096,0,TheMakersTerrace
1097,0,TheMarrisStead
1098,1,TheMarshlands
1099,1,TheMastersGlaive
1100,1,TheMaul
1101,530,TheMechanar
1423,0,TheMendersStead
1102,1,TheMerchantCoast
1103,0,TheMilitaryWard
1104,0,TheMistyWard
1105,0,TheMolsenFarm
1106,0,TheMoltenSpan
1107,1,TheMorShanRampart
1393,571,TheNexus
1108,0,TheNorthCoast 
1109,0,TheNoxiousGlade 
1110,1,TheNoxiousLair
1111,1,TheOracleGlade
1542,1,TheOvergrowth
1112,530,TheOverlook
1113,0,TheOverlookCliffs
1114,0,ThePark
1115,530,ThePathOfConquest
1116,530,ThePathOfGlory
1117,0,ThePillarOfAsh
1118,1,ThePoolsOfVision
1119,530,TheProvingGrounds
1120,1,TheQuagmire
1121,1,Theramore
1122,1,TheramoreIsle
1669,732,TheRestlessFront
1123,530,TheRingOfBlood
1124,530,TheRingOfTrials
1125,1,TheRingOfValor
1126,1,TheRollingPlains
1127,0,TheRottingOrchard
1128,530,TheRoyalExhange
1129,1,TheRuinedReaches
1130,1,TheRuinsOfAhnQiraj
1131,1,TheRuinsOfKelTheril
1132,1,TheRuinsOfOrdilAran
1133,1,TheRuinsOfStardust
1134,1,TheRustmaulDigSite
1135,530,TheSanctum
1136,0,TheSavageCoast
1137,1,TheScarabDais
1138,1,TheScarabWall
1139,1,TheScaradWalp
1140,0,TheScarletBasilica
1141,530,TheScorchedGrove
1524,1,TheScorchedPlain
1142,530,TheScrapField
1143,1,TheScreechingCanyon
1144,0,TheSeaOfCinders
1602,1,TheSecretLab
1145,0,TheSepulcher
1146,530,TheShadowStair
1420,571,TheShadowVault
1147,1,TheShadyNook
1148,530,TheShatteredHalls
1149,1,TheShatteredStrand
1150,0,TheShiftingMire
1151,1,TheShimmeringFlats
1152,0,TheShiningStrand
1153,1,TheShrineOfAessina
1154,0,TheSkitteringDark
1155,0,TheSlagPit
1156,530,TheSlavePens
1157,1,TheSlitheringScar
1158,1,TheSludgeFen
1427,0,TheSludgeFields
1486,1,TheSludgewerks
1611,1,TheSLudgewerks
1159,530,TheSpawningGlen
1160,530,TheStadium
1161,1,TheStagnantOasis
1162,530,TheStairOfDestiny
1163,530,TheSteamvault
1562,1,TheStepsofFate
1164,0,TheStockpile
1627,646,TheStonecore
1165,0,THeStonefieldFarm
1166,530,TheStormspire
1167,0,TheSunkenTemple
1168,530,TheSunspire
1169,1,TheSwarmingPillar
1170,0,TheTaintedScar
1171,1,TheTalondeepPath
1172,1,TheTalonDen
1173,1,TheTempleGardens
1174,1,TheTempleOfAhnQiraj
1175,0,TheTempleOfAtalHakkar
1176,0,TheTempleOfTears
1177,0,TheTundridHills
1178,530,TheTwilightRidge
1179,1,TheTwinColossals
1180,530,TheUnderbog
1181,0,TheUndercroft
1182,0,TheUplands
1183,530,TheVaultOfLights
1184,530,TheVectorCoil
1185,530,TheVeiledSea
1186,1,TheVentureCoMine
1522,1,TheVerdantThicket
1187,0,TheVice
1188,0,TheVileReef
1415,571,TheVioletHold
1189,530,TheVioletTower
1190,530,TheVortexFields
1568,1,TheVortexPinnacle
1191,1,TheWailingCaverns
1192,530,TheWarpFields
1193,530,TheWarpPiston
1194,1,TheWeatheredNook
1195,0,TheWeepingCave
1196,1,TheWrithingDeep
1197,0,TheWrithingHaunt
1198,0,TheYorgenFarmstead
1199,1,TheZoramStrand
1200,1,ThistleshrubValley
1201,0,ThondrorilRiver
1202,0,ThoradinsWall
1203,0,ThoriumPoint
1204,530,ThornfangHill
1205,1,ThornHill
1206,1,ThousandNeedles
1207,530,Thrallmar
1208,530,ThrallmarMine
1209,530,ThroneOfKiljaeden
1210,530,ThroneOfTheElements
10010,754,throneofthefourwinds
1727,643,ThroneoftheTides
1750,643,ThroneofTheTides
1211,1,ThunderAxeFortress
1212,1,ThunderBluff
1213,0,ThunderFalls
1214,1,ThunderhornWaterWell
1215,530,ThunderlordStronghold
1431,0,Thundermar
1216,1,ThunderRidge
1217,530,ThuronsLivery
1218,1,TidefuryCove
1219,1,TimbermawHold
1220,1,TimbermawPost
1221,0,TinkerTown
1222,1,TiragardeKeep
1223,0,TirisfalGlades
1224,0,TirisfalGladesZeppelin
1225,0,TkashiRuins
1661,732,TolBarad
1447,732,TolBaradPeninsula
1226,530,TombOfLights
1565,1,TomboftheSunKing
1559,1,TombsofthePrecursors
1227,1,TorKrenFarm
1228,530,TorWatha
1229,530,ToshleysStation
1230,1,TowerOfAlthalaxx
1231,1,TowerOfEldara
1590,1,TowerofEstulan
1232,0,TowerOfIlgalar
1233,0,TowerOfLlgalar
1234,530,TownSquare
1235,0,TradeDistrict
1236,0,TradeQuarter
1237,530,TradersTier
1564,1,TrailofDevastation
1238,530,TraitorsCove
1239,0,TranquilGardensCemetery
1240,530,Tranquillien
1241,530,TranquilShore
1242,530,TrelleumMine
1649,571,TrialOfTheChampion
10021,571,TrialOfTheChampion
1648,571,TrialOfTheCrusader
10020,571,TrialOfTheCrusader
1243,530,TrogmasClaim
1244,530,TulumansLanding
1245,530,Tuurem
1553,1,TwilightAerie
1246,1,TwilightBaseCamp
1554,1,TwilightBulwark
1247,0,TwilightGrove
1454,0,TwilightHighlands
1751,0,TwilightHighlands
1248,1,TwilightOutpost
1249,1,TwilightPost
1250,1,TwilightShore
1251,1,TwilightsRun
1629,646,TwilightTerrace
1252,1,TwilightVale
1555,1,TwilightWithering
1253,530,TwinSpireRuins
1254,0,TyrsHand
1255,0,TyrsHandAbbey
1256,229,UBRS
1257,70,Ulda
1258,0,Uldaman
1406,571,Ulduar
1259,1,Uldum
10014,1,UldumClimb
1639,967,Ultravix
1260,530,UmbrafenLake
1261,530,UmbrafenVillage
1262,546,underbog
1263,0,Undercity
1264,530,UnderlightMines
1615,1,UnearthedGrounds
1265,1,UnGoroCrater
1641,967,Unsleeping
1396,571,Unupe
1643,646,UpperSilvermarsh
1266,530,UpperVeilShilAk
1267,1,Ursolan
1389,571,UtgardeKeep
1388,571,UtgardePinnacle
1268,0,UthersTomb
1269,0,ValgansField
1381,571,Valgarde
1390,571,ValianceKeep
1270,530,ValleyOfBones
1271,0,ValleyOfFangs
1272,1,ValleyOfHonor
1273,0,ValleyOfKings
1274,1,ValleyOfSpears
1275,1,ValleyOfSpirits
1276,1,ValleyOfStrength
1277,1,ValleyOfTheWatchers
1278,1,ValleyOfTrials
1279,1,ValleyOfWisdom
1280,1,Valormok
1281,1,ValorsRest
1282,0,ValorwindLake
1410,571,VaultOfArchavon
1283,530,VeilAlaRak
1284,530,VeilHarrIk
1285,530,VeilLashh
1286,530,VeilLithic
1287,530,VeilRhaze
1288,530,VeilRuuan
1289,530,VeilShalas
1290,530,VeilShienor
1291,530,VeilSkith
1292,530,VeilVekh
1293,530,VekhaarStand
1481,1,VendettaPoint
1546,1,VendettaPoint
1385,571,VengeanceLanding
1294,0,VenomwebVale
1295,0,VentureCoBaseCamp
1296,1,VerdantisRiver
1297,530,VeridianPoint
1455,0,VermillionRedoubt
1433,0,VictorsPoint
1298,530,VimGolsCircle
1299,530,VindicatorsRest
1574,1,VirnaalDam
1566,1,VirnaalRiverDelta
1300,530,VoidwindPlateau
1717,648,VolcanothsLaie
1718,648,VolconathsLair
1301,530,VortexPinnacle
1302,0,VulgolOgreMound
1690,654,WahlCottage
1303,1,WailingCaverns
1304,530,WalkOfElders
1708,648,WarchiefsLookout
1305,530,WardensCage
1658,732,WardensVigil
1640,967,warlordzon
1306,530,WarmaulHill
1307,0,WarQuarter
1308,1,WarriorsTerrace
1652,489,warsi
1309,489,WarsongGulch
1310,489,WarsongGulchAlliance
1311,489,WarsongGulchHorde
1391,571,WarsongHold
1312,1,WarsongLaborCamp
1313,1,WarsongLumberCamp
1314,1,WaterspringField
1315,1,WavestriderBeach
1316,43,WC
1317,1,WeazelsCrater
1318,1,WebwinderPath
1667,732,WellsonShipyard
1319,1,WellspringLake
1320,1,WellspringRiver
1321,0,WestbrookGarrison
1322,0,WesternPlaguelands
1323,0,WesternStrand
1324,0,Westfall
1325,0,WestfallLighthouse
1384,571,WestguardKeep
1736,0,Westlands
1474,1,WestreachSummit
1552,1,WestreachSummit
1326,530,WestSanctum
1659,732,WestSpire
1327,0,Wetlands
1328,0,WhelgarsExcavationSite
1428,0,WhelgarsRetreat
1329,0,WhisperingGardens
1330,0,WhisperingShore
1490,1,WhisperwindGrove
1527,1,WhisperwindGrove
1331,1,WhitereachPost
1332,1,WildbendRiver
1333,0,WildhammerKeep
1334,530,WildhammerStronghold
1489,1,WildheartPoint
1528,1,WildheartPoint
1335,1,WildmaneWaterWell
1710,648,WildOverlook
1336,0,WildShore
1337,1,WindbreakCanyon
1338,1,WindfuryRidge
1339,530,WindrunnerSpire
1340,530,WindrunnerVillage
1341,1,WindshearCrag
1504,1,WindshearHold
1612,1,WindshearHold
1342,1,WindshearMine
1343,1,WinterfallVillage
1417,571,WintergardeKeep
1412,571,Wintergrasp
1344,1,Winterspring
1345,1,WitchHill
1346,0,WitherbarkVillage
1347,530,WizardRow
1409,0,WizardsSanctum
1348,1,WoodpawHills
1651,638,worgenend
1756,654,WorgenPhase2
1757,638,Worgenstart
1349,530,WorldsEndTavern
1350,530,WrathscaleLair
1351,530,WrathscalePoint
1352,530,WrithingMound
1353,489,WSG
1354,1,Wyrmbog
10025,571,WyrmrestTemple
1355,530,WyrmscarIsland
1356,530,WyrmskullBridge
1357,530,WyrmskullTunnel
1358,1,Xavian
1359,0,YojambaIsle
1360,568,ZA
1361,530,Zabrajin
1362,1,ZalashjisDen
1363,530,Zangarmarsh
1364,530,ZangarRidge
1365,530,ZebNowa
1366,530,ZebSora
1367,530,ZebTela
1368,530,ZebWatha
1369,530,ZeppelinCrash
1370,530,ZethGor
1372,0,ZiatajaiRuins
16005,967,zonoz
1373,1,ZoramgarOutpost
1374,530,ZulAman
1403,571,ZulDrak
1375,1,ZulFarrak
1376,0,ZulGurub
1377,0,Zulmashar
1378,0,ZunWatha
1379,0,ZuuldaiaRuins
15005,0,[Event]CulteDeLaFin1
15006,723,[Event]CulteDeLaFin2
15001,638,[Event]GilnéasCimetière
15002,638,[Event]GilnéasDépart
16004,759,[Event]PetitsChevaux
16003,764,[Event]ValentinisateurDébut
16002,764,[Event]ValentinisateurPapillons
16001,764,[Event]ValentinisateurRonchons
